ip_address,continent,country,region,city,time_zone,isp,mobile,proxy,answer,date,time,x,y
45.19.199.230,North America,United States,Texas,Austin,America/Chicago,"AT&T Services, Inc.",FALSE,FALSE,yes,7/25/2020,07:56.8,187,95
45.19.199.230,North America,United States,Texas,Austin,America/Chicago,"AT&T Services, Inc.",FALSE,FALSE,yes,7/25/2020,07:59.7,11,68
45.19.199.230,North America,United States,Texas,Austin,America/Chicago,"AT&T Services, Inc.",FALSE,FALSE,no,7/25/2020,08:02.0,124,23
89.187.175.8,North America,United States,Texas,Dallas,America/Chicago,Datacamp Limited,True,True,yes,2020-07-25,16:19:53.423629,161,90
89.187.175.8,North America,United States,Texas,Dallas,America/Chicago,Datacamp Limited,True,True,no,2020-07-25,16:19:57.794195,111,15
162.253.71.246,North America,Canada,Ontario,Toronto,America/Toronto,Total Server Solutions L.L.C.,False,True,yes,2020-07-25,16:20:14.335175,101,44
162.253.71.246,North America,Canada,Ontario,Toronto,America/Toronto,Total Server Solutions L.L.C.,False,True,no,2020-07-25,16:20:16.546392,140,24
162.253.71.246,North America,Canada,Ontario,Toronto,America/Toronto,Total Server Solutions L.L.C.,False,True,no,2020-07-25,16:20:20.454183,134,62
162.253.71.246,North America,Canada,Ontario,Toronto,America/Toronto,Total Server Solutions L.L.C.,False,True,yes,2020-07-25,16:20:22.483626,154,78
162.253.71.246,North America,Canada,Ontario,Toronto,America/Toronto,Total Server Solutions L.L.C.,False,True,yes,2020-07-25,16:20:24.603052,52,96
162.253.71.246,North America,Canada,Ontario,Toronto,America/Toronto,Total Server Solutions L.L.C.,False,True,yes,2020-07-25,16:20:26.815122,137,112
162.253.71.246,North America,Canada,Ontario,Toronto,America/Toronto,Total Server Solutions L.L.C.,False,True,no,2020-07-25,16:20:29.622458,40,88
162.253.71.246,North America,Canada,Ontario,Toronto,America/Toronto,Total Server Solutions L.L.C.,False,True,no,2020-07-25,16:20:32.546205,10,102
162.253.71.246,North America,Canada,Ontario,Toronto,America/Toronto,Total Server Solutions L.L.C.,False,True,no,2020-07-25,16:20:34.672989,74,28
195.158.249.12,Europe,Slovenia,Ljubljana,Ljubljana,Europe/Ljubljana,HostRoyale Technologies Pvt Ltd,False,True,yes,2020-07-25,16:21:00.053195,98,89
195.158.249.12,Europe,Slovenia,Ljubljana,Ljubljana,Europe/Ljubljana,HostRoyale Technologies Pvt Ltd,False,True,no,2020-07-25,16:21:02.460759,76,93
195.158.249.12,Europe,Slovenia,Ljubljana,Ljubljana,Europe/Ljubljana,HostRoyale Technologies Pvt Ltd,False,True,yes,2020-07-25,16:21:04.944396,123,73
195.158.249.12,Europe,Slovenia,Ljubljana,Ljubljana,Europe/Ljubljana,HostRoyale Technologies Pvt Ltd,False,True,no,2020-07-25,16:21:07.136395,88,16
195.158.249.12,Europe,Slovenia,Ljubljana,Ljubljana,Europe/Ljubljana,HostRoyale Technologies Pvt Ltd,False,True,no,2020-07-25,16:21:09.060666,124,86
195.158.249.12,Europe,Slovenia,Ljubljana,Ljubljana,Europe/Ljubljana,HostRoyale Technologies Pvt Ltd,False,True,yes,2020-07-25,16:21:13.032412,169,53
45.152.183.204,Europe,Spain,Madrid,Madrid,Europe/Madrid,M247 Ltd,True,True,yes,2020-07-25,16:21:37.933560,140,70
45.152.183.204,Europe,Spain,Madrid,Madrid,Europe/Madrid,M247 Ltd,True,True,no,2020-07-25,16:21:40.422186,69,59
45.152.183.204,Europe,Spain,Madrid,Madrid,Europe/Madrid,M247 Ltd,True,True,yes,2020-07-25,16:21:42.100590,183,59
45.152.183.204,Europe,Spain,Madrid,Madrid,Europe/Madrid,M247 Ltd,True,True,no,2020-07-25,16:21:43.967396,58,60
45.152.183.204,Europe,Spain,Madrid,Madrid,Europe/Madrid,M247 Ltd,True,True,yes,2020-07-25,16:21:45.767813,178,78
45.152.183.204,Europe,Spain,Madrid,Madrid,Europe/Madrid,M247 Ltd,True,True,yes,2020-07-25,16:21:47.820873,19,60
45.152.183.204,Europe,Spain,Madrid,Madrid,Europe/Madrid,M247 Ltd,True,True,yes,2020-07-25,16:21:49.735053,155,63
45.152.183.204,Europe,Spain,Madrid,Madrid,Europe/Madrid,M247 Ltd,True,True,no,2020-07-25,16:21:51.774711,73,44
209.58.184.100,Asia,Hong Kong,Central and Western District,Central,Asia/Hong_Kong,LeaseWeb Asia Pacific Hong Kong,False,False,yes,2020-07-25,16:22:26.589399,147,55
209.58.184.100,Asia,Hong Kong,Central and Western District,Central,Asia/Hong_Kong,LeaseWeb Asia Pacific Hong Kong,False,False,yes,2020-07-25,16:22:29.865201,176,51
209.58.184.100,Asia,Hong Kong,Central and Western District,Central,Asia/Hong_Kong,LeaseWeb Asia Pacific Hong Kong,False,False,yes,2020-07-25,16:22:31.993628,183,104
45.19.199.230,North America,United States,Texas,Austin,America/Chicago,"AT&T Services, Inc.",False,False,yes,2020-07-25,16:34:05.930625,151,84
45.19.199.230,North America,United States,Texas,Austin,America/Chicago,"AT&T Services, Inc.",False,False,yes,2020-07-25,16:43:30.215284,115,74
45.19.199.230,North America,United States,Texas,Austin,America/Chicago,"AT&T Services, Inc.",False,False,yes,2020-07-25,16:43:52.928038,129,106
45.19.199.230,North America,United States,Texas,Austin,America/Chicago,"AT&T Services, Inc.",False,False,yes,2020-07-25,16:45:13.597374,164,93
45.19.199.230,North America,United States,Texas,Austin,America/Chicago,"AT&T Services, Inc.",False,False,yes,2020-07-25,16:45:39.138712,96,27
45.19.199.230,North America,United States,Texas,Austin,America/Chicago,"AT&T Services, Inc.",False,False,yes,2020-07-25,16:54:48.957042,137,78
45.19.199.230,North America,United States,Texas,Austin,America/Chicago,"AT&T Services, Inc.",False,False,yes,2020-07-25,16:55:27.145041,155,62
45.19.199.230,North America,United States,Texas,Austin,America/Chicago,"AT&T Services, Inc.",False,False,no,2020-07-25,16:55:34.529580,123,42
45.19.199.230,North America,United States,Texas,Austin,America/Chicago,"AT&T Services, Inc.",False,False,yes,2020-07-25,16:56:33.504462,147,71
45.19.199.230,North America,United States,Texas,Austin,America/Chicago,"AT&T Services, Inc.",False,False,yes,2020-07-25,16:58:42.043079,173,96
45.19.199.230,North America,United States,Texas,Austin,America/Chicago,"AT&T Services, Inc.",False,False,yes,2020-07-25,17:00:17.420637,159,66
45.19.199.230,North America,United States,Texas,Austin,America/Chicago,"AT&T Services, Inc.",False,False,no,2020-07-25,17:00:43.151877,111,74
45.19.199.230,North America,United States,Texas,Austin,America/Chicago,"AT&T Services, Inc.",False,False,yes,2020-07-25,17:01:48.989128,156,81
45.19.199.230,North America,United States,Texas,Austin,America/Chicago,"AT&T Services, Inc.",False,False,yes,2020-07-25,17:02:08.002145,167,115
45.19.199.230,North America,United States,Texas,Austin,America/Chicago,"AT&T Services, Inc.",False,False,yes,2020-07-25,17:03:14.034825,123,30
45.19.199.230,North America,United States,Texas,Austin,America/Chicago,"AT&T Services, Inc.",False,False,yes,2020-07-25,17:06:05.287202,138,88
45.19.199.230,North America,United States,Texas,Austin,America/Chicago,"AT&T Services, Inc.",False,False,yes,2020-07-25,17:08:49.276700,19,30
45.19.199.230,North America,United States,Texas,Austin,America/Chicago,"AT&T Services, Inc.",False,False,yes,2020-08-01,15:32:41.933740,192,118
45.19.199.230,North America,United States,Texas,Austin,America/Chicago,"AT&T Services, Inc.",False,False,yes,2020-08-01,15:32:42.397092,189,111
45.19.199.230,North America,United States,Texas,Austin,America/Chicago,"AT&T Services, Inc.",False,False,yes,2020-08-01,15:51:00.142714,192,109
45.19.199.230,North America,United States,Texas,Austin,America/Chicago,"AT&T Services, Inc.",False,False,yes,2020-08-01,15:51:22.271807,181,94
45.19.199.230,North America,United States,Texas,Austin,America/Chicago,"AT&T Services, Inc.",False,False,yes,2020-08-01,15:56:51.652934,148,100
45.19.199.230,North America,United States,Texas,Austin,America/Chicago,"AT&T Services, Inc.",False,False,yes,2020-08-01,15:58:55.857266,189,101
45.19.199.230,North America,United States,Texas,Austin,America/Chicago,"AT&T Services, Inc.",False,False,yes,2020-08-01,15:59:19.693006,183,99
45.19.199.230,North America,United States,Texas,Austin,America/Chicago,"AT&T Services, Inc.",False,False,yes,2020-08-01,15:59:51.237103,190,111
45.19.199.230,North America,United States,Texas,Austin,America/Chicago,"AT&T Services, Inc.",False,False,no,2020-08-01,16:06:03.160144,189,112
45.19.199.230,North America,United States,Texas,Austin,America/Chicago,"AT&T Services, Inc.",False,False,no,2020-08-01,16:38:26.357067,91,2
45.19.199.230,North America,United States,Texas,Austin,America/Chicago,"AT&T Services, Inc.",False,False,no,2020-08-01,16:40:45.553321,189,105
45.19.199.230,North America,United States,Texas,Austin,America/Chicago,"AT&T Services, Inc.",False,False,no,2020-08-01,16:42:45.856098,117,19
45.19.199.230,North America,United States,Texas,Austin,America/Chicago,"AT&T Services, Inc.",False,False,yes,2020-08-02,11:44:11.481748,173,63
45.19.199.230,North America,United States,Texas,Austin,America/Chicago,"AT&T Services, Inc.",False,False,yes,2020-08-05,15:26:21.467139,164,72
45.19.199.230,North America,United States,Texas,Austin,America/Chicago,"AT&T Services, Inc.",False,False,no,2020-08-05,17:18:03.529563,76,15
